{"id":"5020cea6-d8de-403e-abef-d84d34267196","name":"New Story","sites":[{"label":"Voorweg","imageId":null,"timestamp":"2025-07-26T09:00:00.000Z","geoJSON":{"type":"FeatureCollection","features":[{"type":"Feature","properties":{"name":"Zoetermeer","timestamp":"2025-02-23T14:06:58.078Z","id":"8577d659-968d-4cad-b5c5-b2a19396573b","city":"Zoetermeer","country":"Netherlands"},"geometry":{"coordinates":[4.468073458861649,52.06240157005567],"type":"Point"}}]},"resolution":0,"showTooltip":true,"id":"8577d659-968d-4cad-b5c5-b2a19396573b","address":"146, Voorweg, Meerzicht, Zoetermeer, South Holland, Netherlands, 2716 NK, Netherlands","country":"Netherlands","street":"Voorweg","state":"South Holland","city":"Zoetermeer","tooltipDirection":"auto","tooltipBackgroundColor":"#f8fc03","tooltipColor":"#000000","tooltipSize":1,"datePart":"2025-07-26","timePart":"09:00","timeGrain":4,"duration":{"years":null,"months":null,"days":null,"hours":null,"minutes":null,"seconds":0}},{"label":"Omgeving Leipzig?","imageId":null,"timestamp":"2025-07-26T21:00:00.000Z","geoJSON":{"type":"FeatureCollection","features":[{"type":"Feature","properties":{"name":"Leibnizweg","timestamp":"2025-02-23T14:31:44.898Z","id":"ee6eab6d-f06c-44fe-b7f1-08d0f3347483","city":"Leipzig","country":"Germany"},"geometry":{"coordinates":[12.361384599745467,51.35059905912545],"type":"Point"}}]},"resolution":0,"showTooltip":true,"id":"ee6eab6d-f06c-44fe-b7f1-08d0f3347483","address":"Leibnizweg, Waldstraßenviertel, Centre North West, Mitte, Leipzig, Saxony, 04105, Germany","country":"Germany","street":"Leibnizweg","state":"Saxony","city":"Centre North West,Leipzig","tooltipDirection":"auto","tooltipBackgroundColor":"#f8fc03","tooltipColor":"#000000","tooltipSize":1,"datePart":"2025-07-26","timePart":"21:00","timeGrain":4,"duration":{"years":null,"months":null,"days":null,"hours":null,"minutes":null,"seconds":0}},{"label":"Omgeving Budapest?","imageId":null,"timestamp":"2025-07-27T21:00:00.000Z","geoJSON":{"type":"FeatureCollection","features":[{"type":"Feature","properties":{"name":"Budapest","timestamp":"2025-02-23T14:32:32.727Z","id":"296909e9-a053-430a-a7d8-155c788de6eb","city":"Budapest","country":"Hungary"},"geometry":{"coordinates":[19.070647046052898,47.5037188893598],"type":"Point"}}]},"resolution":0,"showTooltip":true,"id":"296909e9-a053-430a-a7d8-155c788de6eb","address":"11/a, Vörösmarty utca, Ligetváros, Erzsébetváros, 7th district, Budapest, Central Hungary, 1074, Hungary","country":"Hungary","street":"Vörösmarty utca","city":"Erzsébetváros,Budapest","tooltipDirection":"auto","tooltipBackgroundColor":"#f8fc03","tooltipColor":"#000000","tooltipSize":1,"datePart":"2025-07-27","timePart":"21:00","timeGrain":4,"duration":{"years":null,"months":null,"days":null,"hours":null,"minutes":null,"seconds":0}},{"label":"Omgeving Timișoara","imageId":null,"timestamp":"2025-07-28T15:08:00.000Z","geoJSON":{"type":"FeatureCollection","features":[{"type":"Feature","properties":{"name":"Timișoara","timestamp":"2025-02-23T14:08:14.067Z","id":"26abaf6a-7a90-42a8-b3c1-7604aad7d6ec","city":"Timișoara","country":"Romania"},"geometry":{"coordinates":[21.22123743964492,45.75614338906429],"type":"Point"}}]},"resolution":2,"showTooltip":true,"id":"26abaf6a-7a90-42a8-b3c1-7604aad7d6ec","address":"17, Strada Doctor Iosif Nemoianu, Cetate, Timișoara, Timiș, 300011, Romania","country":"Romania","street":"Strada Doctor Iosif Nemoianu","county":"Timiș","city":"Cetate,Timișoara","tooltipDirection":"auto","tooltipBackgroundColor":"#f8fc03","tooltipColor":"#000000","tooltipSize":1,"datePart":"2025-07-28","timePart":"15:08","timeGrain":6,"duration":{"years":null,"months":null,"days":null,"hours":null,"minutes":null,"seconds":0}},{"label":"Sibiu","imageId":null,"timestamp":"2025-07-30T15:09:00.000Z","geoJSON":{"type":"FeatureCollection","features":[{"type":"Feature","properties":{"name":"Șoseaua Alba Iulia","timestamp":"2025-02-23T14:09:49.956Z","id":"1f3f6d08-2d50-4f92-a798-25ea26798bf7","city":"Sibiu","country":"Romania"},"geometry":{"coordinates":[24.121309639423398,45.79348439408727],"type":"Point"}}]},"resolution":1,"showTooltip":true,"id":"1f3f6d08-2d50-4f92-a798-25ea26798bf7","address":"Șoseaua Alba Iulia, Turnișor, Sibiu, 550048, Romania","country":"Romania","street":"Șoseaua Alba Iulia","county":"Sibiu","city":"Turnișor,Sibiu","tooltipDirection":"auto","tooltipBackgroundColor":"#f8fc03","tooltipColor":"#000000","tooltipSize":1,"datePart":"2025-07-30","timePart":"15:09","timeGrain":6,"duration":{"years":null,"months":null,"days":null,"hours":null,"minutes":null,"seconds":0}},{"label":"Transfăgărășan","imageId":null,"timestamp":"2025-07-30T15:12:00.000Z","geoJSON":{"type":"FeatureCollection","features":[{"type":"Feature","properties":{"name":"Transfăgărășan","timestamp":"2025-02-23T14:12:05.604Z","id":"1ca896b2-69eb-472b-b1a4-fcaac44b2fdf","city":"Cârțișoara","country":"Romania"},"geometry":{"coordinates":[24.614818091928868,45.61051831826306],"type":"Point"}}]},"resolution":1,"showTooltip":true,"id":"1ca896b2-69eb-472b-b1a4-fcaac44b2fdf","address":"Transfăgărășan, Cârțișoara, Sibiu, Romania","country":"Romania","street":"Transfăgărășan","county":"Sibiu","city":"Cârțișoara","tooltipDirection":"auto","tooltipBackgroundColor":"#f8fc03","tooltipColor":"#000000","tooltipSize":1,"datePart":"2025-07-30","timePart":"15:12","timeGrain":6,"duration":{"years":null,"months":null,"days":null,"hours":null,"minutes":null,"seconds":0}},{"label":"Curtea de Argeș","imageId":null,"timestamp":"2025-07-30T15:15:00.000Z","geoJSON":{"type":"FeatureCollection","features":[{"type":"Feature","properties":{"name":"Curtea de Argeș","timestamp":"2025-02-23T14:15:15.908Z","id":"295c3e53-49a4-4b9e-a755-7ba13ba563c6","city":"Curtea de Argeș","country":"Romania"},"geometry":{"coordinates":[24.668423301932762,45.1446479736248],"type":"Point"}}]},"resolution":1,"showTooltip":true,"id":"295c3e53-49a4-4b9e-a755-7ba13ba563c6","address":"4, Strada Barajului, Curtea de Argeș, Argeș, 115300, Romania","country":"Romania","street":"Strada Barajului","county":"Argeș","city":"Curtea de Argeș","tooltipDirection":"auto","tooltipBackgroundColor":"#f8fc03","tooltipColor":"#000000","tooltipSize":1,"datePart":"2025-07-30","timePart":"15:15","timeGrain":6,"duration":{"years":null,"months":null,"days":null,"hours":null,"minutes":null,"seconds":0}},{"label":"Boekarest","imageId":null,"timestamp":"2025-07-31T15:24:00.000Z","geoJSON":{"type":"FeatureCollection","features":[{"type":"Feature","properties":{"name":"Bucharest","timestamp":"2025-02-23T14:24:00.900Z","id":"851df1c6-d13f-4fc2-b73b-7db728582266","city":"Bucharest","country":"Romania"},"geometry":{"coordinates":[26.094629853913943,44.4323731159917],"type":"Point"}}]},"resolution":2,"showTooltip":true,"id":"851df1c6-d13f-4fc2-b73b-7db728582266","address":"17, Strada Mihai Vodă, Lipscanii Noi, Mihai Vodă, Sector 5, Bucharest, 050042, Romania","country":"Romania","street":"Strada Mihai Vodă","city":"Mihai Vodă,Bucharest","tooltipDirection":"auto","tooltipBackgroundColor":"#f8fc03","tooltipColor":"#000000","tooltipSize":1,"datePart":"2025-07-31","timePart":"15:24","timeGrain":6,"duration":{"years":null,"months":null,"days":null,"hours":null,"minutes":null,"seconds":0}},{"label":"Brașov","imageId":null,"timestamp":"2025-08-03T15:16:00.000Z","geoJSON":{"type":"FeatureCollection","features":[{"type":"Feature","properties":{"name":"Brasov","timestamp":"2025-02-23T14:16:26.007Z","id":"1209a12c-faad-41a7-8fbc-55ad9022efb9","city":"Brasov","country":"Romania"},"geometry":{"coordinates":[25.589593789394677,45.650983411019155],"type":"Point"}}]},"resolution":2,"showTooltip":true,"id":"1209a12c-faad-41a7-8fbc-55ad9022efb9","address":"60, Strada Dealul Cetății, Brașovechi, Brasov, Zona Metropolitană Brașov, Brașov, 500193, Romania","country":"Romania","street":"Strada Dealul Cetății","county":"Brașov","city":"Brașovechi,Brasov","tooltipDirection":"auto","tooltipBackgroundColor":"#f8fc03","tooltipColor":"#000000","tooltipSize":1,"datePart":"2025-08-03","timePart":"15:16","timeGrain":6,"duration":{"years":null,"months":null,"days":null,"hours":null,"minutes":null,"seconds":0}},{"label":"Castelul Peles","imageId":null,"timestamp":"2025-08-03T15:17:00.000Z","geoJSON":{"type":"FeatureCollection","features":[{"type":"Feature","properties":{"name":"Bulevardul Ferdinand","timestamp":"2025-02-23T14:17:30.444Z","id":"f79c80b1-7aa0-4ce4-aa4b-9cccc3700d2a","city":"Sinaia","country":"Romania"},"geometry":{"coordinates":[25.543270188210215,45.36669402262762],"type":"Point"}}]},"resolution":1,"showTooltip":true,"id":"f79c80b1-7aa0-4ce4-aa4b-9cccc3700d2a","address":"Bulevardul Ferdinand, Sinaia, Prahova, 106100, Romania","country":"Romania","street":"Bulevardul Ferdinand","county":"Prahova","city":"Sinaia","tooltipDirection":"auto","tooltipBackgroundColor":"#f8fc03","tooltipColor":"#000000","tooltipSize":1,"datePart":"2025-08-03","timePart":"15:17","timeGrain":6,"duration":{"years":null,"months":null,"days":null,"hours":null,"minutes":null,"seconds":0}},{"label":"Bran & Castelul Bran","imageId":null,"timestamp":"2025-08-03T15:18:00.000Z","geoJSON":{"type":"FeatureCollection","features":[{"type":"Feature","properties":{"timestamp":"2025-02-23T14:18:59.169Z","id":"74d02866-b15d-4efb-aaeb-8004d85bb5d2","city":"Predeluț","country":"Romania"},"geometry":{"coordinates":[25.36511257261116,45.523679492427604],"type":"Point"}}]},"resolution":2,"showTooltip":true,"id":"74d02866-b15d-4efb-aaeb-8004d85bb5d2","address":"3, Strada Padina, Predeluț, Bran, Brașov, 507026, Romania","country":"Romania","street":"Strada Padina","county":"Brașov","city":"Predeluț","tooltipDirection":"auto","tooltipBackgroundColor":"#f8fc03","tooltipColor":"#000000","tooltipSize":1,"datePart":"2025-08-03","timePart":"15:18","timeGrain":6,"duration":{"years":null,"months":null,"days":null,"hours":null,"minutes":null,"seconds":0}},{"label":"Viscri","imageId":null,"timestamp":"2025-08-04T15:20:00.000Z","geoJSON":{"type":"FeatureCollection","features":[{"type":"Feature","properties":{"timestamp":"2025-02-23T14:20:05.647Z","id":"00b92a82-992e-438d-90f5-3413545353f9","city":"Viscri","country":"Romania"},"geometry":{"coordinates":[25.09408246245649,46.05632846163729],"type":"Point"}}]},"resolution":2,"showTooltip":true,"id":"00b92a82-992e-438d-90f5-3413545353f9","address":"25, Strada Principală, Viscri, Bunești, Brașov, 507039, Romania","country":"Romania","street":"Strada Principală","county":"Brașov","city":"Viscri","tooltipDirection":"auto","tooltipBackgroundColor":"#f8fc03","tooltipColor":"#000000","tooltipSize":1,"datePart":"2025-08-04","timePart":"15:20","timeGrain":6,"duration":{"years":null,"months":null,"days":null,"hours":null,"minutes":null,"seconds":0}},{"label":"Cluj-Napoca","imageId":null,"timestamp":"2025-08-05T15:20:00.000Z","geoJSON":{"type":"FeatureCollection","features":[{"type":"Feature","properties":{"name":"The Office","timestamp":"2025-02-23T14:20:55.040Z","id":"69cfbee9-61ac-47c0-afc7-f4d301215a7e","city":"Cluj-Napoca","country":"Romania"},"geometry":{"coordinates":[23.60379881881004,46.77581156949739],"type":"Point"}}]},"resolution":2,"showTooltip":true,"id":"69cfbee9-61ac-47c0-afc7-f4d301215a7e","address":"The Office, 77, Bulevardul 21 Decembrie 1989, Mărăști, Cluj-Napoca, Cluj Metropolitan Area, Cluj, 400603, Romania","country":"Romania","street":"Bulevardul 21 Decembrie 1989","county":"Cluj","city":"Mărăști,Cluj-Napoca","tooltipDirection":"auto","tooltipBackgroundColor":"#f8fc03","tooltipColor":"#000000","tooltipSize":1,"datePart":"2025-08-05","timePart":"15:20","timeGrain":6,"duration":{"years":null,"months":null,"days":null,"hours":null,"minutes":null,"seconds":0}},{"label":"Săpânța, Maramureș","imageId":null,"timestamp":"2025-08-07T15:22:00.000Z","geoJSON":{"type":"FeatureCollection","features":[{"type":"Feature","properties":{"timestamp":"2025-02-23T14:22:26.843Z","id":"745bc0d9-aef1-4025-a8d7-a02d66f06c65","city":"Săpânța","country":"Romania"},"geometry":{"coordinates":[23.69904352686788,47.964446914501124],"type":"Point"}}]},"resolution":3,"showTooltip":true,"id":"745bc0d9-aef1-4025-a8d7-a02d66f06c65","address":"Săpânța, Maramureș, 437305, Romania","country":"Romania","county":"Maramureș","city":"Săpânța","tooltipDirection":"auto","tooltipBackgroundColor":"#f8fc03","tooltipColor":"#000000","tooltipSize":1,"datePart":"2025-08-07","timePart":"15:22","timeGrain":6,"duration":{"years":null,"months":null,"days":null,"hours":null,"minutes":null,"seconds":0}}],"tags":[],"mapConfiguration":{"customTileLayers":[],"showTooltips":true,"showTooltipsMode":"hover","timelines":[{"id":"0419e715-be14-4020-a6ae-68e6ca69aae9","startTimestamp":"2024-12-31T23:00:00.000Z","endTimestamp":"2025-12-30T23:00:00.000Z","label":"the year 2025","color":"red","width":3,"lineStyle":"dashed"}]}}