{"id":"ac8d7824-3363-4335-a61f-78ac7557e026","name":"New Story","sites":[{"label":"P&O Ferries Rotterdam","imageId":15,"timestamp":"2024-04-26T12:00:00.000Z","geoJSON":{"type":"FeatureCollection","features":[{"type":"Feature","properties":{"name":"P&O Ferries Rotterdam","timestamp":"2024-04-26T14:00:00.000Z","id":"d34e3284-9160-4e13-bdb9-201e82bd8a6a","city":"Europoort","country":"Netherlands","imageId":14},"geometry":{"coordinates":[4.131862171538371,51.943447158513266],"type":"Point"}}]},"resolution":3,"showTooltip":true,"id":"d34e3284-9160-4e13-bdb9-201e82bd8a6a","country":"Netherlands","city":"Europoort","tooltipDirection":"auto","tooltipBackgroundColor":"#f8fc03","tooltipColor":"#000000","tooltipSize":1,"datePart":"2024-04-26","timePart":"14:00","imageUrl":null,"imageURL":"blob:http://localhost:3000/51a9c500-6095-4ec7-98f5-801957f7d321"},{"label":"P&O Terminal, Hull","imageId":null,"timestamp":"2024-04-27T04:00:00.000Z","geoJSON":{"type":"FeatureCollection","features":[{"type":"Feature","properties":{"name":"P&O Terminal, Hull","timestamp":"2024-04-27T06:00:00.000Z","id":"e0b0df82-cf09-47b3-8964-ad59cca9cdcd","city":"Hull","country":"United Kingdom","imageId":null},"geometry":{"coordinates":[-0.2760036376533217,53.74440668918681],"type":"Point"}}]},"resolution":1,"showTooltip":true,"id":"e0b0df82-cf09-47b3-8964-ad59cca9cdcd","country":"United Kingdom","city":"Hull","tooltipDirection":"auto","tooltipBackgroundColor":"#f8fc03","tooltipColor":"#000000","tooltipSize":1,"datePart":"2024-04-27","timePart":"06:00"},{"label":"Mainsgill Farmshop & Tearoom","imageId":null,"timestamp":"2024-04-27T05:10:00.000Z","geoJSON":{"type":"FeatureCollection","features":[{"type":"Feature","properties":{"name":"Mainsgill Farmshop & Tearoom","timestamp":"2024-04-27T07:45:00.000Z","id":"786e3151-8a48-4247-9f64-3f3bda2ab47b","city":"Ravensworth","country":"United Kingdom","imageId":null},"geometry":{"coordinates":[-1.7630135600538026,54.47230591671486],"type":"Point"}}]},"resolution":1,"showTooltip":true,"id":"786e3151-8a48-4247-9f64-3f3bda2ab47b","country":"United Kingdom","city":"Ravensworth","tooltipDirection":"auto","tooltipBackgroundColor":"#f8fc03","tooltipColor":"#000000","tooltipSize":1,"datePart":"2024-04-27","timePart":"07:10"},{"label":"Ionity Carlisle","timestamp":"2024-04-27T07:41:00.000Z","geoJSON":{"type":"FeatureCollection","features":[{"type":"Feature","properties":{"name":"Ionity Carlisle","timestamp":"2024-04-27T09:41:00.000Z","id":"0b65912a-d26d-47cd-a449-5f0fea7ed45f","city":"Carlisle","country":"United Kingdom"},"geometry":{"coordinates":[-2.950783806638502,54.92793417365134],"type":"Point"}}]},"resolution":3,"showTooltip":true,"id":"0b65912a-d26d-47cd-a449-5f0fea7ed45f","country":"United Kingdom","city":"Carlisle","tooltipDirection":"auto","tooltipBackgroundColor":"#f8fc03","tooltipColor":"#000000","tooltipSize":1,"datePart":"2024-04-27","timePart":"09:41","imageUrl":null,"tags":["optie","opladen"]},{"label":"M&S Foodhall","timestamp":"2024-04-27T09:50:00.000Z","geoJSON":{"type":"FeatureCollection","features":[{"type":"Feature","properties":{"name":"M&S Foodhall","timestamp":"2024-04-27T11:50:00.000Z","id":"e9e3862a-a067-4a55-8ccd-f5436572f1f7","city":"Carlisle","country":"United Kingdom"},"geometry":{"coordinates":[-2.947338757119668,54.92728247352952],"type":"Point"}}]},"resolution":3,"showTooltip":true,"id":"e9e3862a-a067-4a55-8ccd-f5436572f1f7","country":"United Kingdom","city":"Carlisle","tooltipDirection":"auto","tooltipBackgroundColor":"#f8fc03","tooltipColor":"#000000","tooltipSize":1,"datePart":"2024-04-27","timePart":"11:50","imageUrl":null,"tags":["optie","lunch"]},{"label":"Meikleour Arms Hotel & Restaurant","imageId":null,"timestamp":"2024-04-27T13:31:00.000Z","geoJSON":{"type":"FeatureCollection","features":[{"type":"Feature","properties":{"name":"Meikleour Arms Hotel & Restaurant","timestamp":"2024-04-27T15:31:00.000Z","id":"4116c17b-994c-417a-ae3a-4ba30577e202","city":"Meikleour","country":"United Kingdom","imageId":null,"description":"drie nachten - zaterdag aankomst, dinsdag vertrek"},"geometry":{"coordinates":[-3.3718000402195245,56.541708891480525],"type":"Point"}}]},"resolution":0,"showTooltip":true,"id":"4116c17b-994c-417a-ae3a-4ba30577e202","country":"United Kingdom","city":"Meikleour","tooltipDirection":"auto","tooltipBackgroundColor":"#f8fc03","tooltipColor":"#000000","tooltipSize":1,"datePart":"2024-04-27","timePart":"15:31","description":"drie nachten - zaterdag aankomst, dinsdag vertrek"},{"label":"Braemar","imageId":null,"timestamp":"2024-04-28T09:50:00.000Z","geoJSON":{"type":"FeatureCollection","features":[{"type":"Feature","properties":{"name":"Braemar","timestamp":"2024-04-14T11:50:00.000Z","id":"1df9c681-7aa3-48c9-8c81-19b586e87cca","city":"Braemar","country":"United Kingdom","imageId":null},"geometry":{"coordinates":[-3.399841736747202,57.00568407405363],"type":"Point"}}]},"resolution":2,"showTooltip":true,"id":"1df9c681-7aa3-48c9-8c81-19b586e87cca","country":"United Kingdom","city":"Braemar","tooltipDirection":"auto","tooltipBackgroundColor":"#f8fc03","tooltipColor":"#000000","tooltipSize":1,"datePart":"2024-04-28","timePart":"11:50"},{"label":"Scone Palace Grounds","imageId":null,"timestamp":"2024-04-28T11:45:00.000Z","geoJSON":{"type":"FeatureCollection","features":[{"type":"Feature","properties":{"name":"Scone Palace Grounds","timestamp":"2024-04-14T13:45:29.072Z","id":"098ef44c-4f09-4bc3-9b5f-f4f5b6ea59d1","city":"Perth","country":"United Kingdom","imageId":null},"geometry":{"coordinates":[-3.4382640059845437,56.42304375562407],"type":"Point"}}]},"resolution":3,"showTooltip":true,"id":"098ef44c-4f09-4bc3-9b5f-f4f5b6ea59d1","country":"United Kingdom","city":"Perth","tooltipDirection":"auto","tooltipBackgroundColor":"#f8fc03","tooltipColor":"#000000","tooltipSize":1,"datePart":"2024-04-28","timePart":"13:45"},{"label":"Culloden Battlefield Visitor Centre","imageId":null,"timestamp":"2024-04-30T09:00:00.000Z","geoJSON":{"type":"FeatureCollection","features":[{"type":"Feature","properties":{"name":"Culloden Battlefield Visitor Centre","timestamp":"2024-04-14T13:43:53.747Z","id":"9a406289-77a5-4117-a313-cfcd0140f585","city":"Inverness","country":"United Kingdom","imageId":null},"geometry":{"coordinates":[-4.092513872866874,57.477258973993806],"type":"Point"}}]},"resolution":3,"showTooltip":true,"id":"9a406289-77a5-4117-a313-cfcd0140f585","country":"United Kingdom","city":"Inverness","tooltipDirection":"auto","tooltipBackgroundColor":"#f8fc03","tooltipColor":"#000000","tooltipSize":1,"datePart":"2024-04-30","timePart":"11:00"},{"label":"Loch Ness, Falls of Foyers","imageId":null,"timestamp":"2024-04-30T13:47:00.000Z","geoJSON":{"type":"FeatureCollection","features":[{"type":"Feature","properties":{"name":"Loch Ness, Falls of Foyers","timestamp":"2024-04-14T11:47:00.000Z","id":"c973f526-8382-46c4-8403-fc9b0425736b","city":"Foyers","country":"United Kingdom","imageId":null},"geometry":{"coordinates":[-4.491951867566456,57.24937005033225],"type":"Point"}}]},"resolution":3,"showTooltip":true,"id":"c973f526-8382-46c4-8403-fc9b0425736b","country":"United Kingdom","city":"Foyers","tooltipDirection":"auto","tooltipBackgroundColor":"#f8fc03","tooltipColor":"#000000","tooltipSize":1,"datePart":"2024-04-30","timePart":"15:47"},{"label":"Verblijfplek 2","imageId":null,"timestamp":"2024-04-30T14:28:00.000Z","geoJSON":{"type":"FeatureCollection","features":[{"type":"Feature","properties":{"name":"Verblijfplek 2","timestamp":"2024-04-30T12:28:00.000Z","id":"192b504d-dd55-43e1-9726-0ac913e25699","city":"Appin","country":"United Kingdom","imageId":null,"description":"Drie dagen - dinsdag aankomst, vrijdag vertrek"},"geometry":{"coordinates":[-5.3589334177377355,56.5622265651642],"type":"Point"}}]},"resolution":2,"showTooltip":true,"id":"192b504d-dd55-43e1-9726-0ac913e25699","country":"United Kingdom","city":"Appin","tooltipDirection":"auto","tooltipBackgroundColor":"#f8fc03","tooltipColor":"#000000","tooltipSize":1,"datePart":"2024-04-30","timePart":"16:28","description":"Drie dagen - dinsdag aankomst, vrijdag vertrek"},{"label":"Castle Stalker","timestamp":"2024-05-01T10:43:00.000Z","geoJSON":{"type":"FeatureCollection","features":[{"type":"Feature","properties":{"name":"Castle Stalker","timestamp":"2024-04-14T12:43:48.990Z","id":"8fde6a7e-bbfb-4762-87b3-49a292cfbbf5","city":"Appin","country":"United Kingdom","imageId":4},"geometry":{"coordinates":[-5.386128237564883,56.57153430319005],"type":"Point"}}]},"resolution":3,"showTooltip":true,"id":"8fde6a7e-bbfb-4762-87b3-49a292cfbbf5","country":"United Kingdom","city":"Appin","tooltipDirection":"auto","tooltipBackgroundColor":"#f8fc03","tooltipColor":"#000000","tooltipSize":1,"datePart":"2024-05-01","timePart":"12:43","imageUrl":null},{"label":"Holy Island","imageId":null,"timestamp":"2024-05-04T10:08:00.000Z","geoJSON":{"type":"FeatureCollection","features":[{"type":"Feature","properties":{"name":"Holy Island","timestamp":"2024-04-14T12:08:00.000Z","id":"a9978bd0-fed6-4c0e-b7d8-7873370ada67","city":"Holy Island","country":"United Kingdom","imageId":null},"geometry":{"coordinates":[-1.804482114676103,55.682796929803345],"type":"Point"}}]},"resolution":2,"showTooltip":true,"id":"a9978bd0-fed6-4c0e-b7d8-7873370ada67","country":"United Kingdom","city":"Holy Island","tooltipDirection":"auto","tooltipBackgroundColor":"#f8fc03","tooltipColor":"#000000","tooltipSize":1,"datePart":"2024-05-04","timePart":"12:08"},{"label":"P&O Terminal, Hull","imageId":null,"timestamp":"2024-05-04T16:00:00.000Z","geoJSON":{"type":"FeatureCollection","features":[{"type":"Feature","properties":{"name":"P&O Terminal, Hull","timestamp":"2024-04-14T12:39:42.304Z","id":"5c540dc6-a851-4361-8ecf-6f80fe2882f7","city":"Hull","country":"United Kingdom","imageId":null},"geometry":{"coordinates":[-0.26650434089241287,53.740985605882756],"type":"Point"}}]},"resolution":1,"showTooltip":true,"id":"5c540dc6-a851-4361-8ecf-6f80fe2882f7","country":"United Kingdom","city":"Hull","tooltipDirection":"auto","tooltipBackgroundColor":"#f8fc03","tooltipColor":"#000000","tooltipSize":1,"datePart":"2024-05-04","timePart":"18:00"}],"tags":["optie","lunch","opladen"],"mapConfiguration":{"customTileLayers":[],"showTooltips":true,"showTooltipsMode":"hover","timelines":[{"id":"725ec10a-b141-4e67-b0e5-ba313a7c366c","startSiteId":"d34e3284-9160-4e13-bdb9-201e82bd8a6a","endSiteId":"d34e3284-9160-4e13-bdb9-201e82bd8a6a","startTimestamp":"2024-04-26T12:00:00.000Z","endTimestamp":"2024-04-26T12:00:00.000Z","label":"Friday 26 April 2024","color":"red","width":3,"lineStyle":"dashed"},{"id":"ec7411a6-ee91-4b77-9500-c3db85a06585","startSiteId":"e0b0df82-cf09-47b3-8964-ad59cca9cdcd","endSiteId":"4116c17b-994c-417a-ae3a-4ba30577e202","startTimestamp":"2024-04-27T04:00:00.000Z","endTimestamp":"2024-04-27T13:31:00.000Z","label":"Saturday 27 April 2024","color":"green","width":3,"lineStyle":"dashed"},{"id":"0d90907a-9455-464a-a61f-628e98b56c46","startSiteId":"9a406289-77a5-4117-a313-cfcd0140f585","endSiteId":"192b504d-dd55-43e1-9726-0ac913e25699","startTimestamp":"2024-04-30T09:00:00.000Z","endTimestamp":"2024-04-30T14:28:00.000Z","label":"Tuesday 30 April 2024","color":"yellow","width":3,"lineStyle":"dashed"},{"id":"165cf36a-e4d4-40b7-8a9f-3e3383a638cb","startSiteId":"8fde6a7e-bbfb-4762-87b3-49a292cfbbf5","endSiteId":"8fde6a7e-bbfb-4762-87b3-49a292cfbbf5","startTimestamp":"2024-05-01T10:43:00.000Z","endTimestamp":"2024-05-01T10:43:00.000Z","label":"Wednesday 1 May 2024","color":"purple","width":3,"lineStyle":"dashed"},{"id":"b41e6e1a-353f-4dd5-8af0-82ec783b31f0","startSiteId":"a9978bd0-fed6-4c0e-b7d8-7873370ada67","endSiteId":"5c540dc6-a851-4361-8ecf-6f80fe2882f7","startTimestamp":"2024-05-04T10:08:00.000Z","endTimestamp":"2024-05-04T16:00:00.000Z","label":"Saturday 4 May 2024","color":"orange","width":3,"lineStyle":"dashed"}]}}