{"id":"ac8d7824-3363-4335-a61f-78ac7557e026","name":"New Story","sites":[{"label":"P&O Terminal, Hull","imageId":null,"timestamp":"2024-04-27T04:00:00.000Z","geoJSON":{"type":"FeatureCollection","features":[{"type":"Feature","properties":{"name":"P&O Terminal, Hull","timestamp":"2024-04-27T06:00:00.000Z","id":"e0b0df82-cf09-47b3-8964-ad59cca9cdcd","city":"Hull","country":"United Kingdom","imageId":null},"geometry":{"coordinates":[-0.2760036376533217,53.74440668918681],"type":"Point"}}]},"resolution":1,"showTooltip":true,"id":"e0b0df82-cf09-47b3-8964-ad59cca9cdcd","country":"United Kingdom","city":"Hull","tooltipDirection":"auto","tooltipBackgroundColor":"#f8fc03","tooltipColor":"#000000","tooltipSize":1,"datePart":"2024-04-27","timePart":"06:00"},{"label":"Mainsgill Farmshop & Tearoom","imageId":null,"timestamp":"2024-04-27T07:45:00.000Z","geoJSON":{"type":"FeatureCollection","features":[{"type":"Feature","properties":{"name":"Mainsgill Farmshop & Tearoom","timestamp":"2024-04-14T10:33:00.000Z","id":"786e3151-8a48-4247-9f64-3f3bda2ab47b","city":"Ravensworth","country":"United Kingdom","imageId":null},"geometry":{"coordinates":[-1.7630135600538026,54.47230591671486],"type":"Point"}}]},"resolution":1,"showTooltip":true,"id":"786e3151-8a48-4247-9f64-3f3bda2ab47b","country":"United Kingdom","city":"Ravensworth","tooltipDirection":"auto","tooltipBackgroundColor":"#f8fc03","tooltipColor":"#000000","tooltipSize":1,"datePart":"2024-04-27","timePart":"09:45"},{"label":"Meikleour Arms Hotel & Restaurant","imageId":null,"timestamp":"2024-04-27T13:31:00.000Z","geoJSON":{"type":"FeatureCollection","features":[{"type":"Feature","properties":{"name":"Meikleour Arms Hotel & Restaurant","timestamp":"2024-04-27T15:31:00.000Z","id":"4116c17b-994c-417a-ae3a-4ba30577e202","city":"Meikleour","country":"United Kingdom","imageId":null,"description":"drie nachten - zaterdag aankomst, dinsdag vertrek"},"geometry":{"coordinates":[-3.3718000402195245,56.541708891480525],"type":"Point"}}]},"resolution":0,"showTooltip":true,"id":"4116c17b-994c-417a-ae3a-4ba30577e202","country":"United Kingdom","city":"Meikleour","tooltipDirection":"auto","tooltipBackgroundColor":"#f8fc03","tooltipColor":"#000000","tooltipSize":1,"datePart":"2024-04-27","timePart":"15:31","description":"drie nachten - zaterdag aankomst, dinsdag vertrek"},{"label":"Verblijfplek 2","imageId":null,"timestamp":"2024-04-30T12:28:00.000Z","geoJSON":{"type":"FeatureCollection","features":[{"type":"Feature","properties":{"name":"Verblijfplek 2","timestamp":"2024-04-30T14:28:00.000Z","id":"192b504d-dd55-43e1-9726-0ac913e25699","city":"Appin","country":"United Kingdom","imageId":null,"description":"Drie dagen - dinsdag aankomst, vrijdag vertrek"},"geometry":{"coordinates":[-5.3589334177377355,56.5622265651642],"type":"Point"}}]},"resolution":2,"showTooltip":true,"id":"192b504d-dd55-43e1-9726-0ac913e25699","country":"United Kingdom","city":"Appin","tooltipDirection":"auto","tooltipBackgroundColor":"#f8fc03","tooltipColor":"#000000","tooltipSize":1,"datePart":"2024-04-30","timePart":"14:28","description":"Drie dagen - dinsdag aankomst, vrijdag vertrek"},{"label":"P&O Ferries Rotterdam","imageId":1,"timestamp":"2024-04-26T14:00:00.000Z","geoJSON":{"type":"FeatureCollection","features":[{"type":"Feature","properties":{"name":"P&O Ferries Rotterdam","timestamp":"2024-04-26T16:00:00.000Z","id":"d34e3284-9160-4e13-bdb9-201e82bd8a6a","city":"Europoort","country":"Netherlands","imageId":1},"geometry":{"coordinates":[4.131862171538371,51.943447158513266],"type":"Point"}}]},"resolution":3,"showTooltip":true,"id":"d34e3284-9160-4e13-bdb9-201e82bd8a6a","country":"Netherlands","city":"Europoort","tooltipDirection":"auto","tooltipBackgroundColor":"#f8fc03","tooltipColor":"#000000","tooltipSize":1,"datePart":"2024-04-26","timePart":"16:00","imageUrl":null},{"label":"P&O Terminal, Hull","imageId":null,"timestamp":"2024-05-04T16:00:00.000Z","geoJSON":{"type":"FeatureCollection","features":[{"type":"Feature","properties":{"name":"P&O Terminal, Hull","timestamp":"2024-04-14T12:39:42.304Z","id":"5c540dc6-a851-4361-8ecf-6f80fe2882f7","city":"Hull","country":"United Kingdom","imageId":null},"geometry":{"coordinates":[-0.26650434089241287,53.740985605882756],"type":"Point"}}]},"resolution":1,"showTooltip":true,"id":"5c540dc6-a851-4361-8ecf-6f80fe2882f7","country":"United Kingdom","city":"Hull","tooltipDirection":"auto","tooltipBackgroundColor":"#f8fc03","tooltipColor":"#000000","tooltipSize":1,"datePart":"2024-05-04","timePart":"18:00"},{"label":"Ionity Carlisle","imageId":3,"timestamp":"2024-04-27T09:41:00.000Z","geoJSON":{"type":"FeatureCollection","features":[{"type":"Feature","properties":{"name":"Ionity Carlisle","timestamp":"2024-04-27T11:41:00.000Z","id":"0b65912a-d26d-47cd-a449-5f0fea7ed45f","city":"Carlisle","country":"United Kingdom","imageId":3},"geometry":{"coordinates":[-2.950783806638502,54.92793417365134],"type":"Point"}}]},"resolution":3,"showTooltip":true,"id":"0b65912a-d26d-47cd-a449-5f0fea7ed45f","country":"United Kingdom","city":"Carlisle","tooltipDirection":"auto","tooltipBackgroundColor":"#f8fc03","tooltipColor":"#000000","tooltipSize":1,"datePart":"2024-04-27","timePart":"11:41","imageUrl":null},{"label":"M&S Foodhall","imageId":2,"timestamp":"2024-04-27T11:50:00.000Z","geoJSON":{"type":"FeatureCollection","features":[{"type":"Feature","properties":{"name":"M&S Foodhall","timestamp":"2024-04-14T12:41:54.204Z","id":"e9e3862a-a067-4a55-8ccd-f5436572f1f7","city":"Carlisle","country":"United Kingdom","imageId":2},"geometry":{"coordinates":[-2.947338757119668,54.92728247352952],"type":"Point"}}]},"resolution":3,"showTooltip":true,"id":"e9e3862a-a067-4a55-8ccd-f5436572f1f7","country":"United Kingdom","city":"Carlisle","tooltipDirection":"auto","tooltipBackgroundColor":"#f8fc03","tooltipColor":"#000000","tooltipSize":1,"datePart":"2024-04-27","timePart":"13:50","imageUrl":null},{"label":"Castle Stalker","imageId":4,"timestamp":"2024-05-01T10:43:00.000Z","geoJSON":{"type":"FeatureCollection","features":[{"type":"Feature","properties":{"name":"Castle Stalker","timestamp":"2024-04-14T12:43:48.990Z","id":"8fde6a7e-bbfb-4762-87b3-49a292cfbbf5","city":"Appin","country":"United Kingdom","imageId":4},"geometry":{"coordinates":[-5.386128237564883,56.57153430319005],"type":"Point"}}]},"resolution":3,"showTooltip":true,"id":"8fde6a7e-bbfb-4762-87b3-49a292cfbbf5","country":"United Kingdom","city":"Appin","tooltipDirection":"auto","tooltipBackgroundColor":"#f8fc03","tooltipColor":"#000000","tooltipSize":1,"datePart":"2024-05-01","timePart":"12:43","imageUrl":null}],"tags":[],"mapConfiguration":{"customTileLayers":[],"showTooltips":true,"showTooltipsMode":"hover","timelines":[]}}