{"id":"182f9914-c66a-4316-a4c5-8b1a5d508cc4","name":"New Story","sites":[{"label":"Bospad","imageId":104,"timestamp":"2018-07-17T06:27:00.000Z","geoJSON":{"type":"FeatureCollection","features":[{"type":"Feature","properties":{"name":"Bospad","imageId":104,"timestamp":"2018-07-17T08:27:04.000Z","id":"90a8ff36-1a73-4a4d-b128-fa2162d3bc71","city":"Zoetermeer","country":"Netherlands"},"geometry":{"coordinates":[4.4703083333333336,52.06267222222222,4.65954606141522],"type":"Point"}}]},"resolution":4,"showTooltip":true,"id":"90a8ff36-1a73-4a4d-b128-fa2162d3bc71","country":"Netherlands","city":"Zoetermeer","tooltipSize":1,"imageURL":"blob:http://localhost:3000/edfab0bb-5173-4229-9810-a049dc43a02a","tooltipDirection":"auto","tooltipBackgroundColor":"#f8fc03","tooltipColor":"#000000","datePart":"2018-07-17","timePart":"08:27","attachments":[{"label":"Op weg","description":"De eerste stappen","imageUrl":null,"imageId":113,"imageURL":"blob:http://localhost:3000/b747e5f6-ac2b-4061-9cb2-ced77e72b9e3"}]},{"label":"Bospad","imageId":101,"timestamp":"2018-07-17T08:27:03.000Z","geoJSON":{"type":"FeatureCollection","features":[{"type":"Feature","properties":{"name":"Bospad","imageId":101,"timestamp":"2018-07-17T08:27:03.000Z","id":"ba8880b3-244c-4f29-ada9-14f2c5064d75","city":"Zoetermeer","country":"Netherlands"},"geometry":{"coordinates":[4.4703083333333336,52.06267222222222,6.696960392999693],"type":"Point"}}]},"resolution":4,"showTooltip":true,"id":"ba8880b3-244c-4f29-ada9-14f2c5064d75","country":"Netherlands","city":"Zoetermeer","imageURL":"blob:http://localhost:3000/8f7fc5ae-d21d-4d23-9797-8993569cda9a"},{"label":"Zoetermeer","imageId":89,"timestamp":"2018-07-17T08:30:31.000Z","geoJSON":{"type":"FeatureCollection","features":[{"type":"Feature","properties":{"name":"Zoetermeer","imageId":89,"timestamp":"2018-07-17T08:30:31.000Z","id":"8158ae04-b5cf-42f4-98ea-40726e70caf9","city":"Zoetermeer","country":"Netherlands"},"geometry":{"coordinates":[4.470847222222222,52.06282777777778,5.6748046875],"type":"Point"}}]},"resolution":4,"showTooltip":true,"id":"8158ae04-b5cf-42f4-98ea-40726e70caf9","country":"Netherlands","city":"Zoetermeer","imageURL":"blob:http://localhost:3000/cd21f4c8-b43e-4f84-b2ca-4630b90cbb60"},{"label":"Zoetermeer","imageId":84,"timestamp":"2018-07-17T08:30:38.000Z","geoJSON":{"type":"FeatureCollection","features":[{"type":"Feature","properties":{"name":"Zoetermeer","imageId":84,"timestamp":"2018-07-17T08:30:38.000Z","id":"3e251dc5-5ae7-4e73-81aa-71ff94d0032d","city":"Zoetermeer","country":"Netherlands"},"geometry":{"coordinates":[4.470836111111111,52.06283611111111,4.137343927355278],"type":"Point"}}]},"resolution":4,"showTooltip":true,"id":"3e251dc5-5ae7-4e73-81aa-71ff94d0032d","country":"Netherlands","city":"Zoetermeer","imageURL":"blob:http://localhost:3000/29b70974-7fc4-4bb2-9d09-873542b912b1"},{"label":"Zoetermeerse Rijweg","imageId":73,"timestamp":"2018-07-17T08:37:50.000Z","geoJSON":{"type":"FeatureCollection","features":[{"type":"Feature","properties":{"name":"Zoetermeerse Rijweg","imageId":73,"timestamp":"2018-07-17T08:37:50.000Z","id":"33ee1504-3dea-4e53-ac39-38b27a51ee39","city":"The Hague","country":"Netherlands"},"geometry":{"coordinates":[4.410361111111111,52.05846388888889,23.83013698630137],"type":"Point"}}]},"resolution":4,"showTooltip":true,"id":"33ee1504-3dea-4e53-ac39-38b27a51ee39","country":"Netherlands","city":"The Hague","imageURL":"blob:http://localhost:3000/fc29ba47-b083-4ca1-8470-d7122e2ea347"},{"imageId":58,"timestamp":"2018-07-17T09:33:28.000Z","geoJSON":{"type":"FeatureCollection","features":[{"type":"Feature","properties":{"imageId":58,"timestamp":"2018-07-17T09:33:28.000Z","id":"54feb873-7538-4972-9b58-d612acfe2482","country":"Netherlands"},"geometry":{"coordinates":[4.764188888888889,52.308924999999995,null],"type":"Point"}}]},"resolution":4,"showTooltip":true,"id":"54feb873-7538-4972-9b58-d612acfe2482","country":"Netherlands","imageURL":"blob:http://localhost:3000/4866e2c6-70f4-4e26-bb75-e648fbb104ca"},{"imageId":63,"timestamp":"2018-07-17T12:25:49.000Z","geoJSON":{"type":"FeatureCollection","features":[{"type":"Feature","properties":{"imageId":63,"timestamp":"2018-07-17T12:25:49.000Z","id":"4e06514d-39c7-4db0-8ec6-45ab95e28b7c","country":"Netherlands"},"geometry":{"coordinates":[4.755897222222222,52.31156111111111,17.904601571268238],"type":"Point"}}]},"resolution":4,"showTooltip":true,"id":"4e06514d-39c7-4db0-8ec6-45ab95e28b7c","country":"Netherlands","imageURL":"blob:http://localhost:3000/9504a1a0-4a17-45a7-bdb8-ac41704c47e3","tags":["aan boord"]},{"imageId":65,"timestamp":"2018-07-17T12:26:00.000Z","geoJSON":{"type":"FeatureCollection","features":[{"type":"Feature","properties":{"imageId":65,"timestamp":"2018-07-17T12:26:00.000Z","id":"f6709adb-3f24-4ba7-81ae-3965c91726db","country":"Netherlands"},"geometry":{"coordinates":[4.755791666666667,52.31153611111111,13.339539007092199],"type":"Point"}}]},"resolution":4,"showTooltip":true,"id":"f6709adb-3f24-4ba7-81ae-3965c91726db","country":"Netherlands","imageURL":"blob:http://localhost:3000/5a38d523-a861-465f-ae62-9645304e1415","tags":["aan boord"]},{"imageId":68,"timestamp":"2018-07-17T12:26:01.000Z","geoJSON":{"type":"FeatureCollection","features":[{"type":"Feature","properties":{"imageId":68,"timestamp":"2018-07-17T12:26:01.000Z","id":"67657950-22dd-493c-b8bd-b18ee7719a4f","country":"Netherlands"},"geometry":{"coordinates":[4.755777777777777,52.31153888888888,13.5263671875],"type":"Point"}}]},"resolution":4,"showTooltip":true,"id":"67657950-22dd-493c-b8bd-b18ee7719a4f","country":"Netherlands","imageURL":"blob:http://localhost:3000/d453c21d-3d40-430c-a134-62fc2534a253","tags":["aan boord"]},{"label":"Laan van Louisehof","imageId":91,"timestamp":"2018-07-18T09:27:54.000Z","geoJSON":{"type":"FeatureCollection","features":[{"type":"Feature","properties":{"name":"Laan van Louisehof","imageId":91,"timestamp":"2018-07-18T09:27:54.000Z","id":"c1252f50-b9f2-471d-a24d-7c2c8fe6be16","city":"Weg naar Zee","country":"Suriname"},"geometry":{"coordinates":[-55.19363333333333,5.848111111111111,12.629912663755459],"type":"Point"}}]},"resolution":4,"showTooltip":true,"id":"c1252f50-b9f2-471d-a24d-7c2c8fe6be16","imageURL":"blob:http://localhost:3000/1bbf6b9f-1288-4507-998e-f681ee1b8c0d","country":"Suriname","city":"Weg naar Zee","attachments":[{"description":"18 July 2018 Weg naar Zee, Suriname","imageId":105,"imageURL":"blob:http://localhost:3000/e7f2e07f-2466-4266-9b29-87181f2df259"},{"description":"18 July 2018 Weg naar Zee, Suriname","imageId":100,"imageURL":"blob:http://localhost:3000/db24ea30-43d3-4779-8397-223070d0d3ce"},{"description":"18 July 2018 Weg naar Zee, Suriname","imageId":70,"imageURL":"blob:http://localhost:3000/443bede4-b03d-4ff1-9587-bf6e803585be"},{"description":"18 July 2018 Weg naar Zee, Suriname","imageId":92,"imageURL":"blob:http://localhost:3000/89ce14df-b8cb-410b-bda0-944cb07b8cb6"},{"description":"18 July 2018 Weg naar Zee, Suriname","imageId":75,"imageURL":"blob:http://localhost:3000/ead9bfcd-ed2b-4a12-b072-24bc83e5d1a6"},{"description":"18 July 2018 Weg naar Zee, Suriname","imageId":102,"imageURL":"blob:http://localhost:3000/eec033c1-8e5d-4ec4-b35b-bf25a9e94ac1"},{"description":"18 July 2018 Weg naar Zee, Suriname","imageId":98,"imageURL":"blob:http://localhost:3000/d5134e8e-01a8-49a8-b356-4a1e7d2a6478"},{"description":"18 July 2018 Weg naar Zee, Suriname","imageId":88,"imageURL":"blob:http://localhost:3000/d5eeda57-d225-4440-be4a-8964de98abfc"},{"description":"18 July 2018 Weg naar Zee, Suriname","imageId":107,"imageURL":"blob:http://localhost:3000/f2c10a0b-2844-4c65-9670-fa174c40247c"},{"description":"18 July 2018 Weg naar Zee, Suriname","imageId":95,"imageURL":"blob:http://localhost:3000/ce11a477-baad-405a-a901-5cad9f143f0c"},{"description":"18 July 2018 Weg naar Zee, Suriname","imageId":90,"imageURL":"blob:http://localhost:3000/eefda486-1998-4511-bcea-ba6192926f12"}]},{"label":"Paramaribo","imageId":85,"timestamp":"2018-07-18T11:18:11.000Z","geoJSON":{"type":"FeatureCollection","features":[{"type":"Feature","properties":{"name":"Paramaribo","imageId":85,"timestamp":"2018-07-18T11:18:11.000Z","id":"23cd3fc7-ac19-4b69-b3f0-e5d30b948e3f","city":"Paramaribo","country":"Suriname"},"geometry":{"coordinates":[-55.18642777777777,5.840563888888888,17.996153846153845],"type":"Point"}}]},"resolution":4,"showTooltip":true,"id":"23cd3fc7-ac19-4b69-b3f0-e5d30b948e3f","country":"Suriname","city":"Paramaribo","imageURL":"blob:http://localhost:3000/46c9f300-cb8b-42e1-9c29-6d484b2e9cec"},{"label":"Paramaribo","imageId":97,"timestamp":"2018-07-18T11:21:54.000Z","geoJSON":{"type":"FeatureCollection","features":[{"type":"Feature","properties":{"name":"Paramaribo","imageId":97,"timestamp":"2018-07-18T11:21:54.000Z","id":"322388be-b204-4210-add4-49c7fddb17de","city":"Paramaribo","country":"Suriname"},"geometry":{"coordinates":[-55.18913611111111,5.841191666666666,16.75698924731183],"type":"Point"}}]},"resolution":4,"showTooltip":true,"id":"322388be-b204-4210-add4-49c7fddb17de","country":"Suriname","city":"Paramaribo","imageURL":"blob:http://localhost:3000/f5d3a6b3-e595-4afa-93d8-8ccdd4857d2b"},{"label":"Moments","imageId":67,"timestamp":"2018-07-18T13:36:33.000Z","geoJSON":{"type":"FeatureCollection","features":[{"type":"Feature","properties":{"name":"Moments","imageId":67,"timestamp":"2018-07-18T13:36:33.000Z","id":"7ffbd17a-aa41-4eef-a6e7-6f9ffe8eb0db","country":"Suriname"},"geometry":{"coordinates":[-55.188086111111105,5.844033333333333,20.51541095890411],"type":"Point"}}]},"resolution":4,"showTooltip":true,"id":"7ffbd17a-aa41-4eef-a6e7-6f9ffe8eb0db","country":"Suriname","attachments":[{"description":"17 July 2018 undefined, Suriname","imageId":56,"imageURL":"blob:http://localhost:3000/030b1c4a-6a33-4244-8386-b3588c7e5304"},{"description":"17 July 2018 undefined, Suriname","imageId":57,"imageURL":"blob:http://localhost:3000/87842842-7c47-4cd7-a8e7-b740375528f8"},{"description":"18 July 2018 undefined, Suriname","imageId":62,"imageURL":"blob:http://localhost:3000/49471200-d28e-4497-a313-a8b167ebe3de"},{"description":"18 July 2018 undefined, Suriname","imageId":86,"imageURL":"blob:http://localhost:3000/4121c4c2-da2c-4809-ad35-5e21fccbaac1"},{"description":"18 July 2018 undefined, Suriname","imageId":87,"imageURL":"blob:http://localhost:3000/7f569210-a7a6-4dab-b2b4-315a88fb098b"},{"description":"18 July 2018 undefined, Suriname","imageId":93,"imageURL":"blob:http://localhost:3000/8d552aab-882d-4681-8861-81c33e57be26"},{"description":"18 July 2018 undefined, Suriname","imageId":99,"imageURL":"blob:http://localhost:3000/daf5897b-c909-43e0-8ab1-23cb263f4935"},{"description":"18 July 2018 undefined, Suriname","imageId":72,"imageURL":"blob:http://localhost:3000/b54d6766-e277-44aa-b1ce-38aeeac768c9"},{"description":"18 July 2018 undefined, Suriname","imageId":80,"imageURL":"blob:http://localhost:3000/8deb1e40-0ab5-438b-9996-285297fbf627"},{"description":"18 July 2018 undefined, Suriname","imageId":81,"imageURL":"blob:http://localhost:3000/b7259e46-4c9c-46ef-9e14-940f1fe2adfe"},{"description":"18 July 2018 undefined, Suriname","imageId":83,"imageURL":"blob:http://localhost:3000/0faa141d-817e-44f7-8dd6-ddb80443c58c"},{"description":"18 July 2018 undefined, Suriname","imageId":61,"imageURL":"blob:http://localhost:3000/181bfa0b-be8d-4cd9-b3a2-137b1ff965c8"},{"description":"18 July 2018 undefined, Suriname","imageId":110,"imageURL":"blob:http://localhost:3000/b1c3fb81-36ab-44b3-a481-b8e9dbde87a2"},{"description":"18 July 2018 undefined, Suriname","imageId":103,"imageURL":"blob:http://localhost:3000/c2e93ff5-0573-4397-9f3f-03f490d717a9"},{"description":"18 July 2018 undefined, Suriname","imageId":112,"imageURL":"blob:http://localhost:3000/121e9493-ee65-4c48-8701-5ea8d3da0ead"},{"description":"18 July 2018 undefined, Suriname","imageId":106,"imageURL":"blob:http://localhost:3000/88d1010f-3ddf-4399-92d9-db8fec0aeef9"},{"description":"18 July 2018 undefined, Suriname","imageId":111,"imageURL":"blob:http://localhost:3000/56df1dd1-41c8-4a49-81d8-aa2a96ef4f3b"},{"description":"18 July 2018 undefined, Suriname","imageId":108,"imageURL":"blob:http://localhost:3000/b539ee33-68e6-4e45-a4d2-ba3f733793d7"},{"description":"18 July 2018 undefined, Suriname","imageId":94,"imageURL":"blob:http://localhost:3000/9d075f28-0a7a-4b69-a388-803e52f4ec6d"},{"description":"18 July 2018 undefined, Suriname","imageId":60,"imageURL":"blob:http://localhost:3000/0f9a81d8-029c-480c-b93f-ea3ab391b019"},{"description":"18 July 2018 undefined, Suriname","imageId":54,"imageURL":"blob:http://localhost:3000/3d018b43-24ed-4c82-942e-7d2ec421df45"},{"description":"18 July 2018 undefined, Suriname","imageId":76,"imageURL":"blob:http://localhost:3000/b84a7a1c-5713-4bea-905f-7fbf036983a8"},{"description":"18 July 2018 undefined, Suriname","imageId":78,"imageURL":"blob:http://localhost:3000/4b33880e-f81e-47b0-8d7a-8cd622586ccf"},{"description":"18 July 2018 undefined, Suriname","imageId":77,"imageURL":"blob:http://localhost:3000/f3ddc20f-3008-4673-a60c-f67ec82c044a"},{"description":"18 July 2018 undefined, Suriname","imageId":69,"imageURL":"blob:http://localhost:3000/ed3ffcd8-03d7-4bdc-a935-06b2d619dd07"},{"description":"18 July 2018 undefined, Suriname","imageId":53,"imageURL":"blob:http://localhost:3000/3008f39f-f412-41c9-b49f-db01d5826eb8"},{"description":"18 July 2018 undefined, Suriname","imageId":96,"imageURL":"blob:http://localhost:3000/fc65d81c-5096-4e55-afd3-e49df2a2a590"},{"description":"18 July 2018 undefined, Suriname","imageId":82,"imageURL":"blob:http://localhost:3000/421bd9e1-6fc2-485e-a356-10871607b051"},{"description":"18 July 2018 undefined, Suriname","imageId":109,"imageURL":"blob:http://localhost:3000/0f27d92a-081d-4ab1-8871-eee10e9803ac"}],"imageURL":"blob:http://localhost:3000/58dd92c7-4a3d-4086-a428-8398a866fe77"},{"label":"Hanover","timestamp":"2018-07-18T17:21:46.500Z","geoJSON":{"type":"FeatureCollection","features":[{"type":"Feature","properties":{"name":"Hanover","id":"aa7c34e5-d36a-4908-86a3-296e2c7bdff3","city":"Hanover","country":"Suriname"},"geometry":{"coordinates":[-55.13486812384668,5.520277986214018],"type":"Point"}}]},"resolution":1,"showTooltip":true,"id":"aa7c34e5-d36a-4908-86a3-296e2c7bdff3","country":"Suriname","city":"Hanover"},{"label":"Molaiweg","timestamp":"2018-07-18T17:21:46.500Z","geoJSON":{"type":"FeatureCollection","features":[{"type":"Feature","properties":{"name":"Molaiweg","id":"16d43a08-51f7-4a05-9471-2a5d2555fde7","city":"Lelydorp","country":"Suriname"},"geometry":{"coordinates":[-55.17057369267435,5.727392155751603],"type":"Point"}}]},"resolution":1,"showTooltip":true,"id":"16d43a08-51f7-4a05-9471-2a5d2555fde7","country":"Suriname","city":"Lelydorp"},{"label":"Zuid","timestamp":"2018-07-18T17:21:46.500Z","geoJSON":{"type":"FeatureCollection","features":[{"type":"Feature","properties":{"name":"Zuid","id":"d37647cd-a8f4-4b22-a68a-3df43642a398","country":"Suriname"},"geometry":{"coordinates":[-55.11564204832406,5.408677011703848],"type":"Point"}}]},"resolution":1,"showTooltip":true,"id":"d37647cd-a8f4-4b22-a68a-3df43642a398","country":"Suriname"},{"label":"Marchallkreek","timestamp":"2018-07-18T17:21:46.500Z","geoJSON":{"type":"FeatureCollection","features":[{"type":"Feature","properties":{"name":"Marchallkreek","id":"5a80b7fe-dfca-46b0-ab5b-d821b4505288","country":"Suriname"},"geometry":{"coordinates":[-55.09641597280147,5.3132157306034],"type":"Point"}}]},"resolution":1,"showTooltip":true,"id":"5a80b7fe-dfca-46b0-ab5b-d821b4505288","country":"Suriname"},{"label":"Berg en Dal","imageId":43,"timestamp":"2018-07-18T21:07:00.000Z","geoJSON":{"type":"FeatureCollection","features":[{"type":"Feature","properties":{"name":"Berg en Dal","imageId":43,"timestamp":"2018-07-18T23:07:00.000Z","id":"be40dac4-8468-417a-b206-8620d7cfb38a","city":"Brownsweg","country":"Suriname","imageURL":"blob:http://localhost:3000/76f2e422-ef7d-4578-9cb1-1c324d0d612a"},"geometry":{"coordinates":[-55.06809722222223,5.140863888888889,19.281902552204176],"type":"Point"}}]},"resolution":4,"showTooltip":true,"id":"be40dac4-8468-417a-b206-8620d7cfb38a","country":"Suriname","city":"Brownsweg","tooltipSize":1,"tooltipDirection":"auto","tooltipBackgroundColor":"#f8fc03","tooltipColor":"#000000","datePart":"2018-07-18","timePart":"23:07","imageURL":"blob:http://localhost:3000/dd2e60a6-caba-4025-8c5b-8c4f1c28e39a","tags":["family","gummels"],"tooltipIcon":"mdi-bike","attachments":[{"description":"18 July 2018 Paramaribo, Suriname","imageId":42,"imageURL":"blob:http://localhost:3000/2dc1f29e-2bad-4b1d-97ba-34e55432ddf8"},{"description":"18 July 2018 Paramaribo, Suriname","imageId":39,"imageURL":"blob:http://localhost:3000/8d80a57d-b947-4077-8920-dde4fe4c1f17"},{"description":"19 July 2018 undefined, Suriname","imageId":44,"imageURL":"blob:http://localhost:3000/f50dd403-3b6b-4f50-bbf0-b37aad609804"},{"description":"19 July 2018 undefined, Suriname","imageId":41,"imageURL":"blob:http://localhost:3000/2fbe252e-3bf9-4d5b-8a16-5a33031c8a74"}]},{"label":"화","imageId":15,"timestamp":"2018-11-08T04:37:00.000Z","geoJSON":{"type":"FeatureCollection","features":[{"type":"Feature","properties":{"name":"화","imageId":15,"timestamp":"2018-11-08T05:37:00.000Z","id":"412290fb-3fb6-4722-8eea-ac25dd4e51be","city":"Seongnam-si","country":"South Korea","imageURL":"blob:http://localhost:3000/2e5f1e59-dea1-4a3e-861e-ac167f4be57b"},"geometry":{"coordinates":[127.10554444444443,37.40188888888889,143.77826086956523],"type":"Point"}}]},"resolution":2,"showTooltip":true,"id":"412290fb-3fb6-4722-8eea-ac25dd4e51be","country":"South Korea","city":"Seongnam-si","tooltipSize":1,"tooltipDirection":"auto","tooltipBackgroundColor":"#f8fc03","tooltipColor":"#000000","datePart":"2018-11-08","timePart":"05:37","imageURL":"blob:http://localhost:3000/7e66361d-b259-459a-b23d-0e55f9e003af","tags":[]},{"label":"Sudogwon Je1 sunhwan Expressway","imageId":30,"timestamp":"2018-11-09T01:32:00.000Z","geoJSON":{"type":"FeatureCollection","features":[{"type":"Feature","properties":{"name":"Sudogwon Je1 sunhwan Expressway","imageId":30,"timestamp":"2018-11-09T02:32:00.000Z","id":"642f5acc-c62b-4c61-8201-977d77ccb206","city":"Uiwang-si","country":"South Korea","imageURL":"blob:http://localhost:3000/e3b42aab-4045-430f-8b7e-9dd3c804ec38"},"geometry":{"coordinates":[127.02058333333333,37.39276388888889,141.55594405594405],"type":"Point"}}]},"resolution":3,"showTooltip":true,"id":"642f5acc-c62b-4c61-8201-977d77ccb206","country":"South Korea","city":"Uiwang-si","tooltipSize":1,"tooltipDirection":"auto","tooltipBackgroundColor":"#f8fc03","tooltipColor":"#000000","datePart":"2018-11-09","timePart":"02:32","tags":[],"imageURL":"blob:http://localhost:3000/a6b40658-3665-42fe-bf8e-c33388093707","attachments":[{"label":"new attachment","description":"new attachment description","imageUrl":null,"imageId":51,"imageURL":"blob:http://localhost:3000/97baf65b-7fbe-426d-aa58-d786eddf8936"},{"label":"Mijn attachment","description":"Ergens","imageUrl":null,"imageId":52,"imageURL":"blob:http://localhost:3000/7b4cd5c7-1cb2-4c2a-bee8-c0d06eac26d8"}]},{"label":"Shanghai, conference location","imageId":32,"timestamp":"2018-11-10T04:02:00.000Z","geoJSON":{"type":"FeatureCollection","features":[{"type":"Feature","properties":{"name":"Shanghai, conference location","imageId":32,"timestamp":"2018-11-10T05:02:00.000Z","id":"6e71286f-5817-4836-99aa-2e1c30bb11a9","city":"Xihu District","country":"China","imageURL":"blob:http://localhost:3000/a24d13f8-54c6-4e06-84af-858b0cac62fb"},"geometry":{"coordinates":[120.08244444444443,30.26765,44.6356783919598],"type":"Point"}}]},"resolution":3,"showTooltip":true,"id":"6e71286f-5817-4836-99aa-2e1c30bb11a9","country":"China","city":"Xihu District","tooltipSize":1,"tooltipDirection":"auto","tooltipBackgroundColor":"#f8fc03","tooltipColor":"#000000","datePart":"2018-11-10","timePart":"05:02","tooltipIcon":"mdi-church","imageURL":"blob:http://localhost:3000/f5acd397-67dd-46ea-87cc-6487204e503b","attachments":[{"description":"10 November 2018 Shangcheng District, China","imageId":16,"imageURL":"blob:http://localhost:3000/e13306e5-9bf5-46ff-89be-e77eecc18def"},{"description":"11 November 2018 Shanghai, China","imageId":26,"imageURL":"blob:http://localhost:3000/dbc3b6d1-132e-451d-9f7d-488c01347c78"}],"tags":[]},{"label":"Tenryū Temple","imageId":27,"timestamp":"2018-11-14T12:15:00.000Z","geoJSON":{"type":"FeatureCollection","features":[{"type":"Feature","properties":{"name":"Tenryū Temple","imageId":27,"timestamp":"2018-11-14T13:15:10.000Z","id":"0a7dc73d-6c10-4572-a252-940435caf010","city":"Kyoto","country":"Japan","imageURL":"blob:http://localhost:3000/9e1ee875-391e-4c31-b92b-6e198c0ff7b7"},"geometry":{"coordinates":[135.67330833333332,35.015819444444446,54.26745718050066],"type":"Point"}}]},"resolution":3,"showTooltip":true,"id":"0a7dc73d-6c10-4572-a252-940435caf010","country":"Japan","city":"Kyoto","imageURL":"blob:http://localhost:3000/8b5a2b21-6aa2-452e-b379-8c221d7559d6","attachments":[{"description":"12 November 2018 Taito, Japan","imageId":28,"imageURL":"blob:http://localhost:3000/678d7fdb-0993-4cf5-8184-0af631d92e97"},{"description":"12 November 2018 Taito, Japan","imageId":22,"imageURL":"blob:http://localhost:3000/8feabb1a-e5b1-44c8-8ec6-c0dda8dcd797"},{"description":"12 November 2018 Taito, Japan","imageId":20,"imageURL":"blob:http://localhost:3000/80d9fadb-a301-4c1e-8e6b-a9793b616f54"},{"description":"12 November 2018 Taito, Japan","imageId":19,"imageURL":"blob:http://localhost:3000/e8fb6df3-73a9-4800-b0d3-da1ff47901ad"},{"description":"12 November 2018 Taito, Japan","imageId":24,"imageURL":"blob:http://localhost:3000/78e7fec3-c12c-44ac-aaab-cadb635b1691"},{"description":"12 November 2018 Taito, Japan","imageId":25,"imageURL":"blob:http://localhost:3000/96920ebf-4c09-496f-9aa9-0008b01e205d"},{"description":"14 November 2018 Kyoto, Japan","imageId":23,"imageURL":"blob:http://localhost:3000/30968b0a-8011-4ed8-bd27-b1cf9dadc3d8"}],"tags":[],"tooltipDirection":"auto","tooltipBackgroundColor":"#f8fc03","tooltipColor":"#000000","tooltipSize":1,"datePart":"2018-11-14","timePart":"13:15"},{"imageId":null,"timestamp":"2018-11-25T06:23:00.000Z","geoJSON":{"type":"FeatureCollection","features":[{"type":"Feature","properties":{"imageId":null,"timestamp":"2018-11-25T07:23:00.000Z","id":"162511b9-4dca-4019-9751-0f394e9c0790","country":"New Zealand","imageURL":"blob:http://localhost:3000/922c629e-829e-4805-a6e9-2961cde3addf","name":"Abel Tasman National Park","city":"Matsueka"},"geometry":{"coordinates":[173.05796944444447,-40.95688611111111,9.96026936026936],"type":"Point"}}]},"resolution":3,"showTooltip":true,"id":"162511b9-4dca-4019-9751-0f394e9c0790","country":"New Zealand","tooltipSize":1,"tooltipDirection":"auto","tooltipBackgroundColor":"#f8fc03","tooltipColor":"#000000","datePart":"2018-11-25","timePart":"07:23","label":"Abel Tasman National Park","city":"Matsueka","imageURL":"blob:http://localhost:3000/21511462-6711-4df1-a605-8383f28b917e","attachments":[{"description":"23 November 2018 Nelson, New Zealand","imageId":35,"imageURL":"blob:http://localhost:3000/6699884b-e57f-4b3b-a78a-8979e79de902"},{"description":"23 November 2018 Nelson, New Zealand","imageId":34,"imageURL":"blob:http://localhost:3000/ad7341f3-19d3-4173-82d0-8477b97ecacf"},{"description":"24 November 2018 Motueka, New Zealand","imageId":36,"imageURL":"blob:http://localhost:3000/14ff2d0d-8f08-4772-9492-9194d6edf851"},{"description":"25 November 2018 Matsueka, New Zealand","imageId":37,"imageURL":"blob:http://localhost:3000/195c97e5-ef58-4ebf-9e84-ab7f39f84960"}],"tags":[]},{"label":"Zandvoort, Strandtent","imageId":38,"timestamp":"2019-05-26T11:36:00.000Z","geoJSON":{"type":"FeatureCollection","features":[{"type":"Feature","properties":{"name":"Zandvoort, Strandtent","imageId":38,"timestamp":"2019-05-26T13:36:00.000Z","id":"a5b73da3-9629-4588-b926-cf3776077bdf","imageURL":"blob:http://localhost:3000/87ba524d-d175-4c46-9e5e-0c7bd4943bd7","city":"Zandvoort","country":"Netherlands"},"geometry":{"coordinates":[4.510230555555555,52.35158055555556,0],"type":"Point"}}]},"resolution":3,"showTooltip":true,"id":"a5b73da3-9629-4588-b926-cf3776077bdf","tooltipSize":1,"tooltipDirection":"auto","tooltipBackgroundColor":"#f8fc03","tooltipColor":"#000000","datePart":"2019-05-26","timePart":"13:36","country":"Netherlands","address":"","city":"Zandvoort","imageURL":"blob:http://localhost:3000/17320552-189c-4f8b-8cc1-8c54dab6bf29"}],"mapConfiguration":{"customTileLayers":[],"showTooltips":false,"timelines":[{"id":"7205eb44-13b5-43cf-bcde-dae5e27c7678","startSiteId":"90a8ff36-1a73-4a4d-b128-fa2162d3bc71","endSiteId":"be40dac4-8468-417a-b206-8620d7cfb38a","startTimestamp":"2018-07-17T06:27:00.000Z","endTimestamp":"2018-07-18T21:07:00.000Z","label":"July 2018","color":"red","width":3,"lineStyle":"dashed"},{"id":"22ca2407-dc78-4c42-9979-4b789a79973e","startSiteId":"412290fb-3fb6-4722-8eea-ac25dd4e51be","endSiteId":"162511b9-4dca-4019-9751-0f394e9c0790","startTimestamp":"2018-11-08T04:37:00.000Z","endTimestamp":"2018-11-25T06:23:00.000Z","label":"November 2018","color":"green","width":3,"lineStyle":"dashed"}]},"tags":["family","gummels","airport","schiphol","flight","bar","seoul","bus","transport","november","asia","aan boord"],"timelines":[{"startSite":null,"endSite":{"label":"Berg en Dal","imageId":43,"timestamp":"2018-07-18T21:07:00.000Z","geoJSON":{"type":"FeatureCollection","features":[{"type":"Feature","properties":{"name":"Berg en Dal","imageId":43,"timestamp":"2018-07-18T23:07:00.000Z","id":"be40dac4-8468-417a-b206-8620d7cfb38a","city":"Brownsweg","country":"Suriname","imageURL":"blob:http://localhost:3000/76f2e422-ef7d-4578-9cb1-1c324d0d612a"},"geometry":{"coordinates":[-55.06809722222223,5.140863888888889,19.281902552204176],"type":"Point"}}]},"resolution":4,"showTooltip":true,"id":"be40dac4-8468-417a-b206-8620d7cfb38a","country":"Suriname","city":"Brownsweg","tooltipSize":1,"tooltipDirection":"auto","tooltipBackgroundColor":"#f8fc03","tooltipColor":"#000000","datePart":"2018-07-18","timePart":"23:07","imageURL":"blob:http://localhost:3000/7062e60a-50ca-4f49-84e9-ba0072b5c6cf","tags":["family","gummels"],"tooltipIcon":"mdi-bike","attachments":[{"description":"18 July 2018 Paramaribo, Suriname","imageId":42,"imageURL":"blob:http://localhost:3000/9107f9f5-cb05-4e39-b7c0-1fec6769a9bc"},{"description":"18 July 2018 Paramaribo, Suriname","imageId":39,"imageURL":"blob:http://localhost:3000/61039aca-45ff-4535-9ea4-23b15b98110d"},{"description":"19 July 2018 undefined, Suriname","imageId":44,"imageURL":"blob:http://localhost:3000/6196d800-85df-464f-afd4-39d349e031c9"},{"description":"19 July 2018 undefined, Suriname","imageId":41,"imageURL":"blob:http://localhost:3000/e943ff93-0b36-441b-9a93-bad88abf2da0"}]}},{"startSite":{"label":"Berg en Dal","imageId":43,"timestamp":"2018-07-18T21:07:00.000Z","geoJSON":{"type":"FeatureCollection","features":[{"type":"Feature","properties":{"name":"Berg en Dal","imageId":43,"timestamp":"2018-07-18T23:07:00.000Z","id":"be40dac4-8468-417a-b206-8620d7cfb38a","city":"Brownsweg","country":"Suriname","imageURL":"blob:http://localhost:3000/76f2e422-ef7d-4578-9cb1-1c324d0d612a"},"geometry":{"coordinates":[-55.06809722222223,5.140863888888889,19.281902552204176],"type":"Point"}}]},"resolution":4,"showTooltip":true,"id":"be40dac4-8468-417a-b206-8620d7cfb38a","country":"Suriname","city":"Brownsweg","tooltipSize":1,"tooltipDirection":"auto","tooltipBackgroundColor":"#f8fc03","tooltipColor":"#000000","datePart":"2018-07-18","timePart":"23:07","imageURL":"blob:http://localhost:3000/7062e60a-50ca-4f49-84e9-ba0072b5c6cf","tags":["family","gummels"],"tooltipIcon":"mdi-bike","attachments":[{"description":"18 July 2018 Paramaribo, Suriname","imageId":42,"imageURL":"blob:http://localhost:3000/9107f9f5-cb05-4e39-b7c0-1fec6769a9bc"},{"description":"18 July 2018 Paramaribo, Suriname","imageId":39,"imageURL":"blob:http://localhost:3000/61039aca-45ff-4535-9ea4-23b15b98110d"},{"description":"19 July 2018 undefined, Suriname","imageId":44,"imageURL":"blob:http://localhost:3000/6196d800-85df-464f-afd4-39d349e031c9"},{"description":"19 July 2018 undefined, Suriname","imageId":41,"imageURL":"blob:http://localhost:3000/e943ff93-0b36-441b-9a93-bad88abf2da0"}]},"endSite":null}]}