{"id":"8c62f3a2-cc6e-406f-bb83-1d26f9c7e2db","name":"New Story","sites":[{"label":"Plaza de Andalucía","imageId":null,"timestamp":"1492-08-03T08:36:30.000Z","geoJSON":{"type":"FeatureCollection","features":[{"type":"Feature","properties":{"name":"Plaza de Andalucía","timestamp":"2024-04-15T08:54:34.177Z","id":"014089ca-5394-4a42-af5c-e8ab74e45b90","city":"Zona de los Príncipes","country":"Spain","imageId":null},"geometry":{"coordinates":[-6.894444,37.228333],"type":"Point"}}]},"resolution":2,"showTooltip":true,"id":"014089ca-5394-4a42-af5c-e8ab74e45b90","country":"Spain","city":"Zona de los Príncipes","tooltipDirection":"auto","tooltipBackgroundColor":"#f8fc03","tooltipColor":"#000000","tooltipSize":1,"datePart":"1492-08-03","timePart":"08:54"},{"label":"Plaza de Canarias","imageId":null,"timestamp":"1492-08-09T08:38:30.000Z","geoJSON":{"type":"FeatureCollection","features":[{"type":"Feature","properties":{"name":"Plaza de Canarias","timestamp":"2024-04-15T08:56:23.344Z","id":"310152ac-726c-4c58-b38b-8446f33a3906","city":"Las Palmas de Gran Canaria","country":"Spain","imageId":null},"geometry":{"coordinates":[-15.427534665960629,28.140092503123256],"type":"Point"}}]},"resolution":0,"showTooltip":true,"id":"310152ac-726c-4c58-b38b-8446f33a3906","country":"Spain","city":"Las Palmas de Gran Canaria","tooltipDirection":"auto","tooltipBackgroundColor":"#f8fc03","tooltipColor":"#000000","tooltipSize":1,"datePart":"1492-08-09","timePart":"08:56"},{"label":"La Gomera","imageId":null,"timestamp":"1492-09-02T08:48:30.000Z","geoJSON":{"type":"FeatureCollection","features":[{"type":"Feature","properties":{"name":"La Gomera","timestamp":"2024-04-15T09:06:28.065Z","id":"375f7df5-5668-49ee-a4d6-38b7c32b0524","city":"Agulo","country":"Spain","imageId":null},"geometry":{"coordinates":[-17.23723091051433,28.196575438496023],"type":"Point"}}]},"resolution":3,"showTooltip":true,"id":"375f7df5-5668-49ee-a4d6-38b7c32b0524","country":"Spain","city":"Agulo","tooltipDirection":"auto","tooltipBackgroundColor":"#f8fc03","tooltipColor":"#000000","tooltipSize":1,"datePart":"1492-09-02","timePart":"09:06"},{"label":"San Salvador","imageId":null,"timestamp":"1492-10-12T08:50:30.000Z","geoJSON":{"type":"FeatureCollection","features":[{"type":"Feature","properties":{"name":"San Salvador","timestamp":"2024-04-15T09:08:34.710Z","id":"034c6953-2720-4247-9ff8-c693bedbedf7","city":"San Salvador","country":"Bahamas","imageId":null},"geometry":{"coordinates":[-74.483333,24.1],"type":"Point"}}]},"resolution":3,"showTooltip":true,"id":"034c6953-2720-4247-9ff8-c693bedbedf7","country":"Bahamas","city":"San Salvador","tooltipDirection":"auto","tooltipBackgroundColor":"#f8fc03","tooltipColor":"#000000","tooltipSize":1,"datePart":"1492-10-12","timePart":"09:08"},{"label":"Carretera de Gibara","imageId":null,"timestamp":"1492-10-28T08:53:30.000Z","geoJSON":{"type":"FeatureCollection","features":[{"type":"Feature","properties":{"name":"Carretera de Gibara","timestamp":"2024-04-15T09:11:45.814Z","id":"446821fb-d654-4a73-a634-ffac7ad700a7","city":"Gibara","country":"Cuba","imageId":null},"geometry":{"coordinates":[-76.13489171577356,21.100293907619687],"type":"Point"}}]},"resolution":0,"showTooltip":true,"id":"446821fb-d654-4a73-a634-ffac7ad700a7","country":"Cuba","city":"Gibara","tooltipDirection":"auto","tooltipBackgroundColor":"#f8fc03","tooltipColor":"#000000","tooltipSize":1,"datePart":"1492-10-28","timePart":"09:11"},{"label":"Port-a-l'Ecu","imageId":null,"timestamp":"1492-12-05T11:02:30.000Z","geoJSON":{"type":"FeatureCollection","features":[{"type":"Feature","properties":{"name":"Port-a-l'Ecu","timestamp":"2024-04-15T11:20:48.831Z","id":"2836420a-2717-4ead-bfa5-79ae829ad4b8","city":"Port-a-l'Ecu","country":"Haiti","imageId":null},"geometry":{"coordinates":[-73.05467184331842,19.927390728246955],"type":"Point"}}]},"resolution":3,"showTooltip":true,"id":"2836420a-2717-4ead-bfa5-79ae829ad4b8","country":"Haiti","city":"Port-a-l'Ecu","tooltipDirection":"auto","tooltipBackgroundColor":"#f8fc03","tooltipColor":"#000000","tooltipSize":1,"datePart":"1492-12-05","timePart":"11:20"},{"label":"El Rincón- Playa Rincón","imageId":null,"timestamp":"1493-01-13T11:03:30.000Z","geoJSON":{"type":"FeatureCollection","features":[{"type":"Feature","properties":{"name":"El Rincón- Playa Rincón","timestamp":"2024-04-15T11:21:54.430Z","id":"87e0b7b7-9a6b-492d-9b53-98943a420256","city":"Samana","country":"Dominican Republic","imageId":null},"geometry":{"coordinates":[-69.24948694855033,19.292538542818505],"type":"Point"}}]},"resolution":3,"showTooltip":true,"id":"87e0b7b7-9a6b-492d-9b53-98943a420256","country":"Dominican Republic","city":"Samana","tooltipDirection":"auto","tooltipBackgroundColor":"#f8fc03","tooltipColor":"#000000","tooltipSize":1,"datePart":"1493-01-13","timePart":"11:21"},{"label":"Azores","imageId":null,"timestamp":"1493-02-17T10:29:30.000Z","geoJSON":{"type":"FeatureCollection","features":[{"type":"Feature","properties":{"name":"Azores","timestamp":"1493-02-17T10:47:30.000Z","id":"86a5eb94-9a90-4454-af3c-3c4b6d40598a","city":"Almagreira","country":"Portugal","imageId":null},"geometry":{"coordinates":[-25.11768212037709,36.959742887889156],"type":"Point"}}]},"resolution":3,"showTooltip":true,"id":"86a5eb94-9a90-4454-af3c-3c4b6d40598a","country":"Portugal","city":"Almagreira","tooltipDirection":"auto","tooltipBackgroundColor":"#f8fc03","tooltipColor":"#000000","tooltipSize":1,"datePart":"1493-02-17","timePart":"10:47"},{"label":"Lisbon","imageId":null,"timestamp":"1493-03-04T09:06:30.000Z","geoJSON":{"type":"FeatureCollection","features":[{"type":"Feature","properties":{"name":"Lisbon","timestamp":"2024-04-15T09:24:00.000Z","id":"ad9ae57a-3907-4c29-abec-6384751b9937","city":"Lisbon","country":"Portugal","imageId":null},"geometry":{"coordinates":[-9.159100700857532,38.7044503670986],"type":"Point"}}]},"resolution":3,"showTooltip":true,"id":"ad9ae57a-3907-4c29-abec-6384751b9937","country":"Portugal","city":"Lisbon","tooltipDirection":"auto","tooltipBackgroundColor":"#f8fc03","tooltipColor":"#000000","tooltipSize":1,"datePart":"1493-03-04","timePart":"09:24"},{"label":"Palos","imageId":null,"timestamp":"1493-03-15T09:07:30.000Z","geoJSON":{"type":"FeatureCollection","features":[{"type":"Feature","properties":{"name":"Palos","timestamp":"2024-04-15T09:25:00.000Z","id":"93bf1c54-0a97-4586-a0cc-4b042dbf0a4e","city":"Huelva","country":"Spain","imageId":null},"geometry":{"coordinates":[-6.933746067252245,37.22157254451761],"type":"Point"}}]},"resolution":3,"showTooltip":true,"id":"93bf1c54-0a97-4586-a0cc-4b042dbf0a4e","country":"Spain","city":"Huelva","tooltipDirection":"auto","tooltipBackgroundColor":"#f8fc03","tooltipColor":"#000000","tooltipSize":1,"datePart":"1493-03-15","timePart":"09:25"}],"tags":[],"mapConfiguration":{"customTileLayers":[],"showTooltips":true,"showTooltipsMode":"hover","timelines":[{"id":"2ba0a924-d67d-400d-884e-d1afa0450280","startSiteId":"014089ca-5394-4a42-af5c-e8ab74e45b90","endSiteId":"93bf1c54-0a97-4586-a0cc-4b042dbf0a4e","startTimestamp":"1492-08-03T08:36:30.000Z","endTimestamp":"1493-03-15T09:07:30.000Z","label":"First Voyage - 1492/1493","color":"green","width":3,"lineStyle":"solid"},{"id":"f40f3a68-272b-46e3-9fdf-549a53232d74","startSiteId":"93bf1c54-0a97-4586-a0cc-4b042dbf0a4e","endSiteId":"93bf1c54-0a97-4586-a0cc-4b042dbf0a4e","startTimestamp":"1493-03-15T09:07:30.000Z","endTimestamp":"1493-03-15T09:07:30.000Z","label":"from Palos","color":"green","width":3,"lineStyle":"dashed"}],"readOnly":true}}