{"id":"8c62f3a2-cc6e-406f-bb83-1d26f9c7e2db","name":"New Story","sites":[{"label":"Plaza de Andalucía","imageId":null,"timestamp":"1492-08-03T08:36:30.000Z","geoJSON":{"type":"FeatureCollection","features":[{"type":"Feature","properties":{"name":"Plaza de Andalucía","timestamp":"2024-04-15T08:54:34.177Z","id":"014089ca-5394-4a42-af5c-e8ab74e45b90","city":"Zona de los Príncipes","country":"Spain","imageId":null},"geometry":{"coordinates":[-6.894444,37.228333],"type":"Point"}}]},"resolution":2,"showTooltip":true,"id":"014089ca-5394-4a42-af5c-e8ab74e45b90","country":"Spain","city":"Zona de los Príncipes","tooltipDirection":"auto","tooltipBackgroundColor":"#f8fc03","tooltipColor":"#000000","tooltipSize":1,"datePart":"1492-08-03","timePart":"08:54"},{"label":"Plaza de Canarias","imageId":null,"timestamp":"1492-08-09T08:38:30.000Z","geoJSON":{"type":"FeatureCollection","features":[{"type":"Feature","properties":{"name":"Plaza de Canarias","timestamp":"2024-04-15T08:56:23.344Z","id":"310152ac-726c-4c58-b38b-8446f33a3906","city":"Las Palmas de Gran Canaria","country":"Spain","imageId":null},"geometry":{"coordinates":[-15.427534665960629,28.140092503123256],"type":"Point"}}]},"resolution":0,"showTooltip":true,"id":"310152ac-726c-4c58-b38b-8446f33a3906","country":"Spain","city":"Las Palmas de Gran Canaria","tooltipDirection":"auto","tooltipBackgroundColor":"#f8fc03","tooltipColor":"#000000","tooltipSize":1,"datePart":"1492-08-09","timePart":"08:56"},{"label":"La Gomera","imageId":null,"timestamp":"1492-09-02T08:48:30.000Z","geoJSON":{"type":"FeatureCollection","features":[{"type":"Feature","properties":{"name":"La Gomera","timestamp":"2024-04-15T09:06:28.065Z","id":"375f7df5-5668-49ee-a4d6-38b7c32b0524","city":"Agulo","country":"Spain","imageId":null},"geometry":{"coordinates":[-17.23723091051433,28.196575438496023],"type":"Point"}}]},"resolution":3,"showTooltip":true,"id":"375f7df5-5668-49ee-a4d6-38b7c32b0524","country":"Spain","city":"Agulo","tooltipDirection":"auto","tooltipBackgroundColor":"#f8fc03","tooltipColor":"#000000","tooltipSize":1,"datePart":"1492-09-02","timePart":"09:06"},{"label":"San Salvador","imageId":null,"timestamp":"1492-10-12T08:50:30.000Z","geoJSON":{"type":"FeatureCollection","features":[{"type":"Feature","properties":{"name":"San Salvador","timestamp":"2024-04-15T09:08:34.710Z","id":"034c6953-2720-4247-9ff8-c693bedbedf7","city":"San Salvador","country":"Bahamas","imageId":null},"geometry":{"coordinates":[-74.483333,24.1],"type":"Point"}}]},"resolution":3,"showTooltip":true,"id":"034c6953-2720-4247-9ff8-c693bedbedf7","country":"Bahamas","city":"San Salvador","tooltipDirection":"auto","tooltipBackgroundColor":"#f8fc03","tooltipColor":"#000000","tooltipSize":1,"datePart":"1492-10-12","timePart":"09:08"},{"label":"Carretera de Gibara","imageId":null,"timestamp":"1492-10-28T08:53:30.000Z","geoJSON":{"type":"FeatureCollection","features":[{"type":"Feature","properties":{"name":"Carretera de Gibara","timestamp":"2024-04-15T09:11:45.814Z","id":"446821fb-d654-4a73-a634-ffac7ad700a7","city":"Gibara","country":"Cuba","imageId":null},"geometry":{"coordinates":[-76.13489171577356,21.100293907619687],"type":"Point"}}]},"resolution":0,"showTooltip":true,"id":"446821fb-d654-4a73-a634-ffac7ad700a7","country":"Cuba","city":"Gibara","tooltipDirection":"auto","tooltipBackgroundColor":"#f8fc03","tooltipColor":"#000000","tooltipSize":1,"datePart":"1492-10-28","timePart":"09:11"}],"tags":[],"mapConfiguration":{"customTileLayers":[],"showTooltips":true,"showTooltipsMode":"hover","timelines":[],"readOnly":true}}